{"cameraMode":{"drawMode":0,"name":"Shaded","section":"Shading Mode"},"sceneLighting":true,"audioPlay":false,"sceneViewState":{"m_AlwaysRefresh":false,"showFog":true,"showSkybox":true,"showFlares":true,"showImageEffects":true,"showParticleSystems":true,"showVisualEffectGraphs":true,"m_FxEnabled":true},"in2DMode":false,"pivot":{"x":3.0314416885375978,"y":-1.3642915487289429,"z":8.191316604614258},"rotation":{"x":0.15117983520030976,"y":0.8448193073272705,"z":-0.40498724579811098,"w":0.31539538502693179},"size":7.749706745147705,"orthographic":false}